{"round": [1, 2, 3, 4, 5, 6, 7, 8, 9, 10, 11, 12, 13, 14, 15], "accuracy": [0.8284072249589491, 0.8530377668308703, 0.8571428571428571, 0.8653530377668309, 0.8645320197044335, 0.8505747126436781, 0.8563218390804598, 0.8505747126436781, 0.8579638752052545, 0.8653530377668309, 0.8727422003284072, 0.8727422003284072, 0.8727422003284072, 0.8776683087027914, 0.8850574712643678], "loss": [0.6346048126471258, 0.5296292255077456, 0.4180933805717819, 0.35580451035342975, 0.3492893978879957, 0.3978101042006012, 0.39676165570962213, 0.45398835404753096, 0.4460341497301468, 0.4606420845527367, 0.4823902399081902, 0.5056335253668536, 0.47055830499417284, 0.5057066585042794, 0.5150620639813553], "f1": [0.8355637721845912, 0.8511363008849663, 0.8575719415970527, 0.8662247355590567, 0.863204251735363, 0.8505008350420563, 0.8550231676500779, 0.8507434276520025, 0.8601778673254866, 0.8679320789593542, 0.8686125943164754, 0.8699846931334054, 0.8709804130369838, 0.8750085090570403, 0.8844975707677059]}