{"pid": "chb05", "global_acc": 0.8363636363636363, "global_f1": 0.8043478260869565, "personal_acc": 0.8454545454545455, "personal_f1": 0.8172043010752689, "report_global": {"0": {"precision": 0.7534246575342466, "recall": 1.0, "f1-score": 0.859375, "support": 55.0}, "1": {"precision": 1.0, "recall": 0.6727272727272727, "f1-score": 0.8043478260869565, "support": 55.0}, "accuracy": 0.8363636363636363, "macro avg": {"precision": 0.8767123287671232, "recall": 0.8363636363636364, "f1-score": 0.8318614130434783, "support": 110.0}, "weighted avg": {"precision": 0.8767123287671234, "recall": 0.8363636363636363, "f1-score": 0.8318614130434783, "support": 110.0}}, "report_personal": {"0": {"precision": 0.7638888888888888, "recall": 1.0, "f1-score": 0.8661417322834646, "support": 55.0}, "1": {"precision": 1.0, "recall": 0.6909090909090909, "f1-score": 0.8172043010752689, "support": 55.0}, "accuracy": 0.8454545454545455, "macro avg": {"precision": 0.8819444444444444, "recall": 0.8454545454545455, "f1-score": 0.8416730166793667, "support": 110.0}, "weighted avg": {"precision": 0.8819444444444444, "recall": 0.8454545454545455, "f1-score": 0.8416730166793669, "support": 110.0}}}