{"pid": "chb08", "global_acc": 0.907608695652174, "global_f1": 0.9128205128205128, "personal_acc": 0.8858695652173914, "personal_f1": 0.8944723618090452, "report_global": {"0": {"precision": 0.9629629629629629, "recall": 0.8478260869565217, "f1-score": 0.9017341040462428, "support": 92.0}, "1": {"precision": 0.8640776699029126, "recall": 0.967391304347826, "f1-score": 0.9128205128205128, "support": 92.0}, "accuracy": 0.907608695652174, "macro avg": {"precision": 0.9135203164329377, "recall": 0.9076086956521738, "f1-score": 0.9072773084333778, "support": 184.0}, "weighted avg": {"precision": 0.9135203164329377, "recall": 0.907608695652174, "f1-score": 0.9072773084333777, "support": 184.0}}, "report_personal": {"0": {"precision": 0.961038961038961, "recall": 0.8043478260869565, "f1-score": 0.8757396449704142, "support": 92.0}, "1": {"precision": 0.8317757009345794, "recall": 0.967391304347826, "f1-score": 0.8944723618090452, "support": 92.0}, "accuracy": 0.8858695652173914, "macro avg": {"precision": 0.8964073309867702, "recall": 0.8858695652173914, "f1-score": 0.8851060033897298, "support": 184.0}, "weighted avg": {"precision": 0.8964073309867702, "recall": 0.8858695652173914, "f1-score": 0.8851060033897298, "support": 184.0}}}