{"pid": "chb03", "global_acc": 0.8484848484848485, "global_f1": 0.8529411764705882, "personal_acc": 0.8787878787878788, "personal_f1": 0.8787878787878788, "report_global": {"0": {"precision": 0.8709677419354839, "recall": 0.8181818181818182, "f1-score": 0.84375, "support": 33.0}, "1": {"precision": 0.8285714285714286, "recall": 0.8787878787878788, "f1-score": 0.8529411764705882, "support": 33.0}, "accuracy": 0.8484848484848485, "macro avg": {"precision": 0.8497695852534562, "recall": 0.8484848484848485, "f1-score": 0.8483455882352942, "support": 66.0}, "weighted avg": {"precision": 0.8497695852534564, "recall": 0.8484848484848485, "f1-score": 0.848345588235294, "support": 66.0}}, "report_personal": {"0": {"precision": 0.8787878787878788, "recall": 0.8787878787878788, "f1-score": 0.8787878787878788, "support": 33.0}, "1": {"precision": 0.8787878787878788, "recall": 0.8787878787878788, "f1-score": 0.8787878787878788, "support": 33.0}, "accuracy": 0.8787878787878788, "macro avg": {"precision": 0.8787878787878788, "recall": 0.8787878787878788, "f1-score": 0.8787878787878788, "support": 66.0}, "weighted avg": {"precision": 0.8787878787878788, "recall": 0.8787878787878788, "f1-score": 0.8787878787878788, "support": 66.0}}}