{"pid": "chb04", "global_acc": 0.9166666666666666, "global_f1": 0.9108910891089109, "personal_acc": 0.8981481481481481, "personal_f1": 0.8888888888888888, "report_global": {"0": {"precision": 0.8688524590163934, "recall": 0.9814814814814815, "f1-score": 0.9217391304347826, "support": 54.0}, "1": {"precision": 0.9787234042553191, "recall": 0.8518518518518519, "f1-score": 0.9108910891089109, "support": 54.0}, "accuracy": 0.9166666666666666, "macro avg": {"precision": 0.9237879316358563, "recall": 0.9166666666666667, "f1-score": 0.9163151097718467, "support": 108.0}, "weighted avg": {"precision": 0.9237879316358563, "recall": 0.9166666666666666, "f1-score": 0.9163151097718467, "support": 108.0}}, "report_personal": {"0": {"precision": 0.8412698412698413, "recall": 0.9814814814814815, "f1-score": 0.905982905982906, "support": 54.0}, "1": {"precision": 0.9777777777777777, "recall": 0.8148148148148148, "f1-score": 0.8888888888888888, "support": 54.0}, "accuracy": 0.8981481481481481, "macro avg": {"precision": 0.9095238095238095, "recall": 0.8981481481481481, "f1-score": 0.8974358974358974, "support": 108.0}, "weighted avg": {"precision": 0.9095238095238095, "recall": 0.8981481481481481, "f1-score": 0.8974358974358974, "support": 108.0}}}