{"pid": "chb09", "global_acc": 0.9, "global_f1": 0.90625, "personal_acc": 0.95, "personal_f1": 0.9552238805970149, "report_global": {"0": {"precision": 0.8064516129032258, "recall": 1.0, "f1-score": 0.8928571428571429, "support": 25.0}, "1": {"precision": 1.0, "recall": 0.8285714285714286, "f1-score": 0.90625, "support": 35.0}, "accuracy": 0.9, "macro avg": {"precision": 0.9032258064516129, "recall": 0.9142857142857144, "f1-score": 0.8995535714285714, "support": 60.0}, "weighted avg": {"precision": 0.9193548387096774, "recall": 0.9, "f1-score": 0.9006696428571428, "support": 60.0}}, "report_personal": {"0": {"precision": 0.8928571428571429, "recall": 1.0, "f1-score": 0.9433962264150944, "support": 25.0}, "1": {"precision": 1.0, "recall": 0.9142857142857143, "f1-score": 0.9552238805970149, "support": 35.0}, "accuracy": 0.95, "macro avg": {"precision": 0.9464285714285714, "recall": 0.9571428571428571, "f1-score": 0.9493100535060546, "support": 60.0}, "weighted avg": {"precision": 0.9553571428571428, "recall": 0.95, "f1-score": 0.9502956913545479, "support": 60.0}}}