{"pid": "chb10", "global_acc": 0.8636363636363636, "global_f1": 0.8421052631578947, "personal_acc": 0.8977272727272727, "personal_f1": 0.8860759493670886, "report_global": {"0": {"precision": 0.7857142857142857, "recall": 1.0, "f1-score": 0.88, "support": 44.0}, "1": {"precision": 1.0, "recall": 0.7272727272727273, "f1-score": 0.8421052631578947, "support": 44.0}, "accuracy": 0.8636363636363636, "macro avg": {"precision": 0.8928571428571428, "recall": 0.8636363636363636, "f1-score": 0.8610526315789473, "support": 88.0}, "weighted avg": {"precision": 0.8928571428571428, "recall": 0.8636363636363636, "f1-score": 0.8610526315789474, "support": 88.0}}, "report_personal": {"0": {"precision": 0.8301886792452831, "recall": 1.0, "f1-score": 0.9072164948453608, "support": 44.0}, "1": {"precision": 1.0, "recall": 0.7954545454545454, "f1-score": 0.8860759493670886, "support": 44.0}, "accuracy": 0.8977272727272727, "macro avg": {"precision": 0.9150943396226415, "recall": 0.8977272727272727, "f1-score": 0.8966462221062247, "support": 88.0}, "weighted avg": {"precision": 0.9150943396226416, "recall": 0.8977272727272727, "f1-score": 0.8966462221062247, "support": 88.0}}}