{"pid": "chb15", "global_acc": 0.8801020408163265, "global_f1": 0.8919540229885058, "personal_acc": 0.9132653061224489, "personal_f1": 0.919047619047619, "report_global": {"0": {"precision": 0.9869281045751634, "recall": 0.7704081632653061, "f1-score": 0.8653295128939829, "support": 196.0}, "1": {"precision": 0.8117154811715481, "recall": 0.9897959183673469, "f1-score": 0.8919540229885058, "support": 196.0}, "accuracy": 0.8801020408163265, "macro avg": {"precision": 0.8993217928733558, "recall": 0.8801020408163265, "f1-score": 0.8786417679412444, "support": 392.0}, "weighted avg": {"precision": 0.8993217928733558, "recall": 0.8801020408163265, "f1-score": 0.8786417679412443, "support": 392.0}}, "report_personal": {"0": {"precision": 0.9821428571428571, "recall": 0.8418367346938775, "f1-score": 0.9065934065934066, "support": 196.0}, "1": {"precision": 0.8616071428571429, "recall": 0.9846938775510204, "f1-score": 0.919047619047619, "support": 196.0}, "accuracy": 0.9132653061224489, "macro avg": {"precision": 0.921875, "recall": 0.9132653061224489, "f1-score": 0.9128205128205128, "support": 392.0}, "weighted avg": {"precision": 0.921875, "recall": 0.9132653061224489, "f1-score": 0.9128205128205128, "support": 392.0}}}