{"pid": "chb18", "global_acc": 0.8703703703703703, "global_f1": 0.8771929824561403, "personal_acc": 0.8703703703703703, "personal_f1": 0.8771929824561403, "report_global": {"0": {"precision": 0.9166666666666666, "recall": 0.8148148148148148, "f1-score": 0.8627450980392157, "support": 27.0}, "1": {"precision": 0.8333333333333334, "recall": 0.9259259259259259, "f1-score": 0.8771929824561403, "support": 27.0}, "accuracy": 0.8703703703703703, "macro avg": {"precision": 0.875, "recall": 0.8703703703703703, "f1-score": 0.8699690402476781, "support": 54.0}, "weighted avg": {"precision": 0.875, "recall": 0.8703703703703703, "f1-score": 0.8699690402476781, "support": 54.0}}, "report_personal": {"0": {"precision": 0.9166666666666666, "recall": 0.8148148148148148, "f1-score": 0.8627450980392157, "support": 27.0}, "1": {"precision": 0.8333333333333334, "recall": 0.9259259259259259, "f1-score": 0.8771929824561403, "support": 27.0}, "accuracy": 0.8703703703703703, "macro avg": {"precision": 0.875, "recall": 0.8703703703703703, "f1-score": 0.8699690402476781, "support": 54.0}, "weighted avg": {"precision": 0.875, "recall": 0.8703703703703703, "f1-score": 0.8699690402476781, "support": 54.0}}}