{"pid": "chb22", "global_acc": 0.8333333333333334, "global_f1": 0.8, "personal_acc": 0.8541666666666666, "personal_f1": 0.8292682926829268, "report_global": {"0": {"precision": 0.75, "recall": 1.0, "f1-score": 0.8571428571428571, "support": 24.0}, "1": {"precision": 1.0, "recall": 0.6666666666666666, "f1-score": 0.8, "support": 24.0}, "accuracy": 0.8333333333333334, "macro avg": {"precision": 0.875, "recall": 0.8333333333333333, "f1-score": 0.8285714285714285, "support": 48.0}, "weighted avg": {"precision": 0.875, "recall": 0.8333333333333334, "f1-score": 0.8285714285714286, "support": 48.0}}, "report_personal": {"0": {"precision": 0.7741935483870968, "recall": 1.0, "f1-score": 0.8727272727272727, "support": 24.0}, "1": {"precision": 1.0, "recall": 0.7083333333333334, "f1-score": 0.8292682926829268, "support": 24.0}, "accuracy": 0.8541666666666666, "macro avg": {"precision": 0.8870967741935484, "recall": 0.8541666666666667, "f1-score": 0.8509977827050997, "support": 48.0}, "weighted avg": {"precision": 0.8870967741935484, "recall": 0.8541666666666666, "f1-score": 0.8509977827050997, "support": 48.0}}}