{"pid": "chb01", "global_acc": 0.9444444444444444, "global_f1": 0.9473684210526315, "personal_acc": 0.9444444444444444, "personal_f1": 0.9464285714285714, "report_global": {"0": {"precision": 1.0, "recall": 0.8888888888888888, "f1-score": 0.9411764705882353, "support": 54.0}, "1": {"precision": 0.9, "recall": 1.0, "f1-score": 0.9473684210526315, "support": 54.0}, "accuracy": 0.9444444444444444, "macro avg": {"precision": 0.95, "recall": 0.9444444444444444, "f1-score": 0.9442724458204335, "support": 108.0}, "weighted avg": {"precision": 0.95, "recall": 0.9444444444444444, "f1-score": 0.9442724458204333, "support": 108.0}}, "report_personal": {"0": {"precision": 0.98, "recall": 0.9074074074074074, "f1-score": 0.9423076923076923, "support": 54.0}, "1": {"precision": 0.9137931034482759, "recall": 0.9814814814814815, "f1-score": 0.9464285714285714, "support": 54.0}, "accuracy": 0.9444444444444444, "macro avg": {"precision": 0.9468965517241379, "recall": 0.9444444444444444, "f1-score": 0.9443681318681318, "support": 108.0}, "weighted avg": {"precision": 0.946896551724138, "recall": 0.9444444444444444, "f1-score": 0.944368131868132, "support": 108.0}}}